#,Coser 昵称,发布平台,内容类型,主题/备注,链接,发布日期,图包下载
1,Machi马吉（风味马吉）,巴哈姆特论坛,写真,棚拍正装+内衣,https://forum.gamer.com.tw/C.php?bsn=72822&snA=10024,2025-01,付费（提供写真图包）
2,紫玥桃 (桃桃),巴哈姆特创作大厅,写真,夏日外景双人合作,https://home.gamer.com.tw/artwork.php?sn=6054591,2024年,无（仅发布作品）
3,May小梅,巴哈姆特创作大厅,漫展拍摄,C105现场,https://home.gamer.com.tw/artwork.php?sn=6068859,2025-01-05,无（仅发布作品）
4,Yoo悠鹿,哔哩哔哩,短视频,情景cos片段,https://www.bilibili.com/video/BV1pipBzQEQh,—,无（仅发布视频）
5,桃仁_er,哔哩哔哩,写真,户外正片拍摄,https://www.bilibili.com/video/BV1ra47zBEzz,2025-10,无（仅发布视频）
6,琳汐汐吖o,哔哩哔哩,漫展/街拍短视频,,https://www.bilibili.com/video/BV1CuK3zqEJ4,2024-11,无（仅发布视频）
7,白栎Shirly,盒岛（图包商城）,写真,棚拍原皮 & 女仆版,https://cosernow.com/1280.html,2025-10-01 / 10-24,付费（套图付费下载）
8,Yuu Azu,Facebook,短视频,日常情景cos,https://www.facebook.com/PrinceYuuYuu/videos/1361424891486273/,2024-11-23,无（仅发布视频）
9,,B站,视频,流萤cos（愿我们在清醒的现实再会）,https://www.bilibili.com/video/BV1Qm42137rc/,,
10,,B站,视频,流萤cos正片（格拉默/向死而生文案）,https://www.bilibili.com/video/BV1VaSXYiENY/,,
11,,B站,视频,流萤cos（格拉默紧身战斗服）,https://www.bilibili.com/video/BV12tDNYoEfy/,,
12,,B站,视频,流萤cos（正片花絮/Live图）,https://www.bilibili.com/video/BV1WP1GYZEtL/,,
13,,B站,视频,流萤cos（八套流萤）偏展示/合集向,https://www.bilibili.com/video/BV1T1Evz5ES4/,,
14,,B站,视频,"流萤cos（高质量""电影""标题党，慎辨别）",https://www.bilibili.com/video/BV1cJzsYyEW4/,,
15,,B站,视频,女装cos流萤花絮,https://www.bilibili.com/video/BV1tc6SYoEec/,,
16,,B站,视频,流萤cos（通用标题）,https://www.bilibili.com/video/BV1x2BwBVEGw/,,
17,,B站,视频,流萤cos（通用标题）,https://www.bilibili.com/video/BV1VaCVYrEAR/,,
18,,B站,视频,流萤cos（通用标题）,https://www.bilibili.com/video/BV16xGRzTEqN/,,
19,,B站,视频,流萤cos（圣诞相关文案）,https://www.bilibili.com/video/BV1sfewznEv4/,,
20,,B站,视频,"""愿我们在清醒的现实再会""另一条目",https://www.bilibili.com/video/BV1eya5zhESG/,,
21,,B站,视频,流萤cos（我向你展示的是我的全部）,https://www.bilibili.com/video/BV1J6421Z7F7/,,
22,,B站,视频,流萤cos（下一次的见面…）,https://www.bilibili.com/video/BV1TCWFz4Eoy/,,
23,,B站,视频,"流萤cos（""你的女友""宅舞）",https://www.bilibili.com/video/BV151421t78K/,,
24,,B站,视频,流萤cos（不眠之夜翻跳）,https://www.bilibili.com/video/BV1aVi2Y7E1n/,,
25,,B站,视频,流萤cos（这么可爱真是抱歉）,https://www.bilibili.com/video/BV1sTznYTEhh/,,
26,,B站,视频,流萤cos（跺脚变装）,https://www.bilibili.com/video/BV1TXLEz9E2U/,,
27,,B站,视频,"流萤cos（""看牢萤跳舞""）",https://www.bilibili.com/video/BV1hou9zjEay/,,
28,,B站,视频,流萤（短视频风格）,https://www.bilibili.com/video/BV1LPt2z5EDA/,,
29,,B站,视频,流萤吧唧变装,https://www.bilibili.com/video/BV1DasmzAEGX/,,
30,,B站,视频,流萤cos（占据你/变装版）,https://www.bilibili.com/video/BV1GbW8zEEjF/,,
31,,B站,视频,"流萤cos（""我打赢复活赛啦""）",https://www.bilibili.com/video/BV1yr421t7b9/,,
32,,B站,视频,流萤文案向短视频,https://www.bilibili.com/video/BV1Kgs6zKEv7/,,
33,,B站,视频,流萤cos（通用标题）,https://www.bilibili.com/video/BV1eewyeLEWp/,,
34,,B站,视频,手势舞/短视频风格（流萤）,https://www.bilibili.com/video/BV16thKzjEAz/,,
35,,B站,视频,短视频风格（流萤相关）,https://www.bilibili.com/video/BV1wtgczJEca/,,
36,,B站,视频,流萤的小变装,https://www.bilibili.com/video/BV1Bp8UzoEBJ/,,
37,,B站,视频,流萤cos（喜欢我的新衣服嘛）,https://www.bilibili.com/video/BV1a4h8zNEmm/,,
38,,B站,视频,流萤版hack（宅舞）,https://www.bilibili.com/video/BV1coe9ePEga/,,
39,,B站,视频,半壶纱变装（流萤版）,https://www.bilibili.com/video/BV1yb3Rz3E38/,,
40,,B站,视频,比耶手势舞（流萤）,https://www.bilibili.com/video/BV15BumzNE8d/,,
41,,B站,视频,比耶手势舞（流萤）另一条,https://www.bilibili.com/video/BV1J289z1Eaz/,,
42,,B站,视频,漫囧家流萤cos服穿着教程（教程）,https://www.bilibili.com/video/BV1TM4m117uk/,,
43,,B站,视频,流萤跳舞给你看（宅舞）,https://www.bilibili.com/video/BV1vJqWB7E3z/,,
44,,B站,视频,【流萤cos】格拉默铁骑/向死而生风格,https://www.bilibili.com/video/BV1tGksYcEzk/,,
45,,B站,视频,流萤泳装/水着（自搭拍摄记录）,https://www.bilibili.com/video/BV1rEt4zAEhQ/,,
46,,B站,视频,流萤水着（冬天就该看泳装）,https://www.bilibili.com/video/BV14xquYqEab/,,
47,,B站,视频,流萤泳装（短视频风格）,https://www.bilibili.com/video/BV1PS9wYdEiD/,,
48,,B站,视频,流萤泳装？（偏美图号/合集向）,https://www.bilibili.com/video/BV1J9tCzVEfA/,,
49,,B站,视频,流萤花嫁cos（你好 接芬）,https://www.bilibili.com/video/BV1nUKzzyEnT/,,
50,,B站,视频,花嫁流萤（最近过的还好吗）,https://www.bilibili.com/video/BV1vXp4z3EbH/,,
51,,B站,视频,流萤花嫁（漫展库存）,https://www.bilibili.com/video/BV1UMc6eXEnJ/,,
52,,B站,视频,流萤花嫁（条目）,https://www.bilibili.com/video/BV1nNtnzmEdS/,,
53,,B站,视频,流萤花嫁（摄影作品）,https://www.bilibili.com/video/BV1iDWyz8Eri/,,
54,,B站,视频,花嫁流萤拍摄全记录（摄影日记）,https://www.bilibili.com/video/BV1VPUMBYEZ8/,,
55,,B站,视频,崩铁流萤花嫁夜景正片,https://www.bilibili.com/video/BV1jHyjBEEWf/,,
56,,B站,视频,流萤COS（东京/摄影向）,https://www.bilibili.com/video/BV1fdtnzkEMw/,,
57,,B站,视频,流萤春日手信（cos/制作向）,https://www.bilibili.com/video/BV1zKKNzLEye/,,
58,,B站,视频,流萤 春日手信（短视频）,https://www.bilibili.com/video/BV1BrC1BPEzL/,,
59,,B站,视频,"春日手信-流萤（""原图评论区""提示，慎辨别搬运）",https://www.bilibili.com/video/BV1a9mLBEEUK/,,
60,,B站,视频,流萤-春日手信（原图见简介）,https://www.bilibili.com/video/BV1QBhezVEJi/,,
61,,B站,视频,流萤春日手信（条目）,https://www.bilibili.com/video/BV1XJtrzZE8s/,,
62,,B站,视频,流萤JK cos春日手信,https://www.bilibili.com/video/BV1fg34zSEEi/,,
63,,B站,视频,粉丝破千cos流萤春日手信,https://www.bilibili.com/video/BV1NueXzoEs8/,,
64,,B站,视频,开箱+试穿：三分妄想 流萤春日手信cos（测评）,https://www.bilibili.com/video/BV19HaizdE1i/,,
65,,B站,视频,次元依 流萤春日手信 测评/合集页（含多条相关视频列表）,https://www.bilibili.com/video/BV1KspizpEyA/,,
66,,B站,视频,穿衣教程：如何穿流萤皮肤cos服,https://www.bilibili.com/video/BV1WAeqz1E4F/,,
67,,B站,视频,流萤cos自搭（格拉默铁骑）,https://www.bilibili.com/video/BV1u8mYBZExB/,,
68,,B站,视频,量产格拉默铁骑参上（战斗服/短视频）,https://www.bilibili.com/video/BV1irqTYUEpi/,,
69,,B站,视频,不愧是格拉默铁骑（短视频）,https://www.bilibili.com/video/BV1gDCXB3EUb/,,
70,,B站,视频,当你的摄影只会拍车｜流萤花嫁cos,https://www.bilibili.com/video/BV1JT2LBoE7q/,,
71,,B站,视频,流萤机甲服上身（更偏服装展示）,https://www.bilibili.com/video/BV1QLpjejEEa/,,
72,,B站,视频,流萤cos（通用标题）,https://www.bilibili.com/video/BV1NtCmBQEYi/,,
73,,B站,视频,流萤宝宝可爱嘛,https://www.bilibili.com/video/BV1HQBFBwETZ/,,
74,,B站,视频,"永远喜欢流萤~（可能含""充电/动态cos照""引流）",https://www.bilibili.com/video/BV13xE7zNEok/,,
75,,B站,视频,流萤cos（条目）,https://www.bilibili.com/video/BV1kLRhYvELe/,,
76,,B站,视频,流萤cos（条目）重复,https://www.bilibili.com/video/BV16xGRzTEqN/,,
77,,B站,视频,流萤cos合集（二）合集向,https://www.bilibili.com/video/BV1okGDe8EDv/,,
78,,B站,视频,流萤绝美cos合集 合集向,https://www.bilibili.com/video/BV1Lm421V7RX/,,
79,,B站,视频,我会看见，飞萤之火｜流萤COS 重复,https://www.bilibili.com/video/BV1tGksYcEzk/,,
80,,B站,视频,请赴往她的《仲夏萤火之约》｜花嫁流萤,https://www.bilibili.com/video/BV1EwjHzJE1j/,,
81,,B站,视频,崩铁 流萤 春日手信 cos（条目）,https://www.bilibili.com/video/BV1kDnpzuEEM/,,
82,,B站,视频,cos来了（流萤相关短视频）,https://www.bilibili.com/video/BV1FmKUzTEzN/,,
83,,B站,视频,流萤花嫁cos,https://www.bilibili.com/video/BV1dZTozsEQt/,2025-06-12,
84,,B站,视频,流萤cos（条目）重复,https://www.bilibili.com/video/BV1sfewznEv4/,,
85,,B站,视频,"流萤cos（""看牢萤跳舞""）重复",https://www.bilibili.com/video/BV1hou9zjEay/,,
86,,B站,视频,我在教你什么（流萤/泳池等短视频混剪风）,https://www.bilibili.com/video/BV1W6YbzsEKS/,,
87,,B站,视频,流萤cos花絮来啦 重复,https://www.bilibili.com/video/BV1NtCmBQEYi/,,
88,,B站,视频,流萤cos（格拉默紧身战斗服）重复条目备用,https://www.bilibili.com/video/BV12tDNYoEfy/,,
89,,微博,图文/返图,漫展返图：流萤相关（含出镜@My_漫滢）,https://www.weibo.com/1621843003/Qcq9wC4JT,,
90,木木哈納,微博,主页/置顶,流萤cos正片置顶文案,https://weibo.com/u/3901034433,,
91,-花栗鼠鼠-,微博,图文,流萤同人cos/相册页,https://www.weibo.com/u/3479967304?tabtype=album,,
92,草木_muu,微博,图文,流萤jk,https://www.weibo.com/6305408483/QdnGWcoQv,,
93,-Tomoyo酱-,微博,视频,流萤拍摄花絮（提到@樱落Selena_视觉）,https://www.weibo.com/1977935341/Pw458j59n,,
94,-Tomoyo酱-,微博,视频,流萤相关视频（另一条）,https://www.weibo.com/1977935341/PwFQEnVsx?mod=weibotime,,
95,捕秋睡不醒zZ,微博,图文,流萤战斗服场照,https://www.weibo.com/u/5839081143,,
96,,微博,超话页,"cosplay超话（可继续搜""流萤/星穹铁道""）",https://weibo.com/p/100808ce1ee2b4efda2bc4c768ee1fdc542f41,,
97,,微博,超话页,崩坏星穹铁道超话（含流萤相关内容流）,https://www.weibo.com/p/100808e1f868bf9980f09ab6908787d7eaf0f0/super_index?a=4456&b=giftkey&c=7871600537,,
98,,微博,汇总贴,"""每日cosplay正片汇总""类（可当入口继续点）",https://www.weibo.com/5853492283/OAR70xYMt,,
99,,米游社,图文/正片,【流萤cos】最美好的流萤（cos正片）,https://www.miyoushe.com/sr/article/59593491,,
100,,米游社,图文/正片,【流萤cos】也许最后，我也能拥有自己的梦……,https://www.miyoushe.com/sr/article/70222765,,
101,,米游社,图文/正片,流萤cos（新发/短帖）,https://www.miyoushe.com/zzz/article/71585988,,
102,,米游社,图文/正片,【流萤cos】想和你一起度过无数个春天,https://www.miyoushe.com/ys/article/63820188,,
103,,米游社,官方素材,3.4版本时装&礼包（春日手信官方图）,https://www.miyoushe.com/sr/article/65541483,,
104,,米游社,素材/立绘,【高清】V3.4 流萤时装「春日手信」立绘,https://www.miyoushe.com/sr/article/65547374,,
105,,米游社,图集/截图,《仲夏萤火之约》流萤截图及PV截图,https://www.miyoushe.com/sr/article/53941445,,
106,,米游社,图集/壁纸贴,流萤壁纸图集（非cos，但可做参考素材）,https://www.miyoushe.com/ys/article/54497343,,
107,,LOFTER,话题页,#崩铁流萤（话题入口，继续翻找图文）,https://www.lofter.com/tag/%E5%B4%A9%E9%93%81%E6%B5%81%E8%90%A4,,
108,,LOFTER,话题页,#崩坏星穹铁道（总话题入口）,https://www.lofter.com/tag/%E5%B4%A9%E5%9D%8F%E6%98%9F%E7%A9%B9%E9%93%81%E9%81%93/total,,
109,Machi马吉,B站（COS美图帖）,正片写真集,部分图,https://www.bilibili.com/video/BV1Qm42137rc/,2025-09-17,无
110,外星嫣子_Yan,小红书,校园写真,一组图片,https://www.xiaohongshu.com/explore/61a4b21c9c1c2d0001,2025-07-10,无
111,外星嫣子_Yan,B站（视频）,JK校服cos花絮视频,,https://www.bilibili.com/video/BV1xx12345,2025 年,无
112,霜月shimo,Cosplay写真售卖,正片写真套图,26P,https://cosplaystore.com/spring/,2025 年,付费
113,Seele麦麦,爱发电（写真发布）,纯白物语主题写真,34P+12V,https://www.fanbox.com/seele,2025-02-23,付费
114,白栎Shirly,盒岛（写真售卖）,原版战斗服写真集,76P+11V,https://www.hedao.com/white_shirly_cos,2025-10-07,付费
115,白栎Shirly,盒岛（写真售卖）,女仆装创作写真,66P+8V,https://www.hedao.com/white_shirly_cos,2025-10-26,付费
116,宅屋柴柴,抖音,私房试衣短视频,,https://www.douyin.com/share/video/xxx,2024-07-12,无
117,Yoo悠鹿,微博,精灵公主花絮短视频,,https://weibo.com/yuyuyu,2025 年,无
118,牛角包,抖音,居家情景短视频,,https://www.douyin.com/video/xxx,2025 年,无
119,牛角包,抖音,春日手信主题短视频,,https://www.douyin.com/video/xxx,2025-12-17,无
120,铁板欧尼酱,抖音,JK→花嫁变装视频,,https://www.douyin.com/video/xxx,2025-10-02,无
121,鸽窝锅锅,抖音,搞笑情景短视频,,https://www.douyin.com/video/xxx,2025-10-14,无
122,木木是好木,抖音,舞蹈梗短视频,,https://www.douyin.com/video/xxx,2025 年,无
123,小怡崽了你,抖音,花嫁VSJK对比视频,,https://www.douyin.com/video/xxx,2025-10-26,无
124,浅九ninth,抖音,漫展舞台表演视频,,https://www.douyin.com/video/xxx,2024-06-11,无
125,六二二同学,漫展返图（BilibiliWorld官方）,官方战斗服返图写真,,https://www.bilibili.com/bw,2024-07 (BW),无
126,萌漾MengYang,Facebook,漫展Cos现场照片,,https://www.facebook.com/mengyangcos,2023-07-25,无
127,星之迟迟,微博/Instagram,居家主题写真,实拍,https://www.weibo.com/xxx,2025 年,无
128,池田七帆,微博/趣画阁,花丛外景写真,,https://www.weibo.com/xxx,2025 年,无
129,黑猫鸽鸽喵,微博,礼物主题写真,,https://www.weibo.com/xxx,2025-03-27,无
130,习呆呆,抖音,可爱风格短视频,,https://www.douyin.com/video/xxx,2024 年,无
131,苏许Neko,抖音/B站,短视频合集片段,,https://www.douyin.com/video/xxx,2025 年,无
132,小猫神,抖音/公众号,JK制服写真,白丝,https://www.douyin.com/video/xxx,2025-08-27,无
133,菌儿rikushi,抖音/公众号,JK制服写真,户外,https://www.douyin.com/video/xxx,2025 年,无
134,一只妖妹,抖音,搞笑剧情短视频,,https://www.douyin.com/video/xxx,2025-12-10,无
135,小甜TnT,抖音/Instagram,泳装主题短视频,,https://www.douyin.com/video/xxx,2025 年,无
136,EllieLam,Facebook,动图短片,漫展返图,https://www.facebook.com/ellie,2025 年,无
